{
  "overall_score": 42.38213259008312,
  "axis_scores": {
    "INFERENCE_MEMORY": 38.05309734513274,
    "SELF_COHERENCE": 36.0,
    "INSTRUCTION_RETENTION": 63.76811594202898,
    "RELIABLE_VERSION_EDITING": 31.70731707317073
  }
}