{
  "overall_score": 49.65558047654351,
  "axis_scores": {
    "INFERENCE_MEMORY": 56.63716814159292,
    "SELF_COHERENCE": 44.0,
    "INSTRUCTION_RETENTION": 56.52173913043478,
    "RELIABLE_VERSION_EDITING": 41.46341463414634
  }
}