{
  "overall_score": 27.724981778482658,
  "axis_scores": {
    "INFERENCE_MEMORY": 30.973451327433626,
    "SELF_COHERENCE": 28.000000000000004,
    "INSTRUCTION_RETENTION": 27.536231884057973,
    "RELIABLE_VERSION_EDITING": 24.390243902439025
  }
}