{
  "overall_score": 36.74335188330721,
  "axis_scores": {
    "INFERENCE_MEMORY": 50.442477876106196,
    "SELF_COHERENCE": 34.0,
    "INSTRUCTION_RETENTION": 40.57971014492754,
    "RELIABLE_VERSION_EDITING": 21.951219512195124
  }
}