{
  "overall_score": 30.97052962834361,
  "axis_scores": {
    "INFERENCE_MEMORY": 33.6283185840708,
    "SELF_COHERENCE": 32.0,
    "INSTRUCTION_RETENTION": 28.985507246376812,
    "RELIABLE_VERSION_EDITING": 29.268292682926827
  }
}